{"0":{"run_name":"NN\/BaseLine","train_time (seconds)":13.5398134,"learning rate":0.005,"epoch":60,"accuracy":0.4875794649,"val_accuracy":0.4890597165,"f1":0.9934940255,"val_f1":0.9591957414,"layer: 0":100,"layer: 1":100,"layer: 2":2.0,"layer: 3":null,"layer: 4":null},"1":{"run_name":"NN\/CouchePlus","train_time (seconds)":18.1905946,"learning rate":0.005,"epoch":60,"accuracy":0.7783158422,"val_accuracy":0.7636014223,"f1":0.9881709467,"val_f1":0.9591957414,"layer: 0":100,"layer: 1":100,"layer: 2":100.0,"layer: 3":100.0,"layer: 4":2.0},"2":{"run_name":"NN\/CoucheMoins","train_time (seconds)":11.9894538,"learning rate":0.005,"epoch":60,"accuracy":0.2633076906,"val_accuracy":0.2661147118,"f1":0.9895017096,"val_f1":0.9568302345,"layer: 0":100,"layer: 1":2,"layer: 2":null,"layer: 3":null,"layer: 4":null},"3":{"run_name":"NN\/PerceptronPlus","train_time (seconds)":40.1523389,"learning rate":0.005,"epoch":60,"accuracy":0.5779240131,"val_accuracy":0.5136014223,"f1":0.9880230638,"val_f1":0.9612655116,"layer: 0":500,"layer: 1":500,"layer: 2":2.0,"layer: 3":null,"layer: 4":null},"4":{"run_name":"NN\/PerceptronMoins","train_time (seconds)":13.3691165,"learning rate":0.005,"epoch":60,"accuracy":0.1924072206,"val_accuracy":0.189384982,"f1":0.9853615099,"val_f1":0.9586043723,"layer: 0":20,"layer: 1":20,"layer: 2":2.0,"layer: 3":null,"layer: 4":null},"5":{"run_name":"NN\/EpochPlus","train_time (seconds)":48.294371,"learning rate":0.005,"epoch":200,"accuracy":0.7863374352,"val_accuracy":0.7925783396,"f1":0.99822564,"val_f1":0.962448231,"layer: 0":100,"layer: 1":100,"layer: 2":2.0,"layer: 3":null,"layer: 4":null},"6":{"run_name":"NN\/EpochMoins","train_time (seconds)":6.8655157,"learning rate":0.005,"epoch":20,"accuracy":0.1925550848,"val_accuracy":0.203282088,"f1":0.9826260651,"val_f1":0.9565346136,"layer: 0":100,"layer: 1":100,"layer: 2":2.0,"layer: 3":null,"layer: 4":null},"7":{"run_name":"NN\/LearningRatePlus","train_time (seconds)":16.4337427,"learning rate":0.01,"epoch":60,"accuracy":0.5229188204,"val_accuracy":0.5068007112,"f1":0.9875055485,"val_f1":0.9580130172,"layer: 0":100,"layer: 1":100,"layer: 2":2.0,"layer: 3":null,"layer: 4":null},"8":{"run_name":"NN\/LearningRateMoins","train_time (seconds)":17.8652304,"learning rate":0.0025,"epoch":60,"accuracy":0.4194514155,"val_accuracy":0.4086339474,"f1":0.9951944085,"val_f1":0.9574216812,"layer: 0":100,"layer: 1":100,"layer: 2":2.0,"layer: 3":null,"layer: 4":null},"9":{"run_name":"NN\/BaseLine75","train_time (seconds)":14.6324305,"learning rate":0.005,"epoch":60,"accuracy":0.4943809211,"val_accuracy":0.4761529267,"f1":0.9951695523,"val_f1":0.9554591734,"layer: 0":100,"layer: 1":100,"layer: 2":2.0,"layer: 3":null,"layer: 4":null},"10":{"run_name":"NN\/BaseLine50","train_time (seconds)":11.6123439,"learning rate":0.005,"epoch":60,"accuracy":0.4480260313,"val_accuracy":0.4455943108,"f1":0.9960076566,"val_f1":0.9591957414,"layer: 0":100,"layer: 1":100,"layer: 2":2.0,"layer: 3":null,"layer: 4":null},"11":{"run_name":"NN\/BaseLine25","train_time (seconds)":7.9200059,"learning rate":0.005,"epoch":60,"accuracy":0.4049097896,"val_accuracy":0.4078014195,"f1":0.9961549616,"val_f1":0.9491725723,"layer: 0":100,"layer: 1":100,"layer: 2":2.0,"layer: 3":null,"layer: 4":null}}